feature,importance
V258,92782.75428771973
device_fraud_rate,39175.882632255554
C14,29910.33068752289
C1,26726.414343982935
C13,24164.14577102661
V294,22019.011824131012
D1_norm,19859.89749121666
card_mean_amount,19432.059990942478
address_fraud_rate,17092.084332704544
C8,15411.113171815872
card_total_txns,14539.660325407982
card_std_amount,14453.368890285492
TransactionAmt,13102.010707065463
card1,11829.246223688126
D15_norm,11287.985681056976
D2_norm,10644.283036470413
card2,10041.803346246481
D10_norm,9266.707119107246
TransactionDT,8997.796644747257
C11,8764.946498990059
address_num_cards,8484.387077093124
C12,8456.275087356567
C4,8325.60905021429
addr1,7962.561932325363
email_fraud_rate,7628.471423625946
P_emaildomain,7404.669968247414
V70,7248.973259449005
card6,7158.678342580795
C5,6821.407545089722
C2,6537.5849187374115
D4_norm,6480.991179943085
card_max_amount,6019.221871167421
card3,5939.056483268738
V308,5757.580393314362
D2,5743.555039763451
C6,5611.196341276169
V149,5467.796748161316
V283,5104.275485873222
V91,4633.815816402435
D15,4633.272325396538
email_mean_amount,4475.702086210251
M4,4467.483023881912
C10,4289.191898971796
V268,4285.461231231689
card5,4224.995097160339
DeviceInfo,4114.112715244293
R_emaildomain,4049.7219737768173
hour_fraud_rate,4035.314558327198
V201,3970.2289077043533
V312,3848.334178686142
V281,3837.6993844509125
D8_norm,3536.5871361494064
dist1,3489.596161723137
V187,3487.1123613119125
V45,3331.5538833141327
D11_norm,3284.7774443626404
M5,3241.703866481781
V313,3238.1449942588806
id_20,3235.0719888210297
D10,3158.744626522064
V189,3066.6319150924683
V62,3002.8868429660797
ProductCD,2968.573518037796
C9,2909.6568796634674
D4,2772.1810064315796
M6,2629.8457708358765
log_amount,2543.657682657242
V315,2541.4757714271545
V296,2499.977734565735
V83,2494.981596469879
V317,2472.8166089057922
D1,2389.4693818092346
D8,2359.7610558867455
id_02,2299.949222058058
V324,2296.3092970848083
V87,2257.0519173145294
card4,2194.0707774162292
id_05,2182.0929913669825
D3_norm,2002.052862048149
V55,1999.399275481701
V12,1961.948497056961
V310,1953.6054906845093
id_33,1940.5515917539597
D3,1904.2001016139984
id_01,1841.0437976121902
V280,1835.4037890434265
id_19,1789.2094423770905
V165,1786.5269923210144
id_31,1712.8690218925476
V333,1712.2657470703125
V54,1671.6851477622986
V307,1605.844095543027
V314,1531.3808357715607
V67,1497.563502073288
V320,1488.958702325821
hour,1464.0182498693466
V285,1451.8012232780457
V13,1439.8663821220398
D11,1437.8776557445526
hour_cos,1420.6255296468735
V82,1415.8936877250671
device_num_cards,1408.295446395874
V38,1395.734361410141
V61,1390.5044226646423
D14_norm,1367.9537461996078
V309,1340.1533343791962
id_09,1311.4848425388336
days_from_start,1305.7607772350311
hour_sin,1304.5528678894043
id_06,1273.9624963402748
V56,1271.3056807518005
V78,1264.7598246335983
V156,1240.8451702594757
D6_norm,1240.03932762146
id_30,1226.852096438408
V152,1196.9859399795532
V76,1176.428761959076
device_mean_amount,1163.3950340747833
D9_norm,1160.2551131546497
D5_norm,1106.0928025245667
id_03,1086.923082113266
V311,1078.24503159523
day_of_week,1077.50426197052
V53,1032.699028968811
V239,1009.2409853935242
id_13,1004.5550688505173
V20,998.7942893505096
D5,996.7527008056641
V86,982.3516654968262
amount_squared,931.03386926651
V99,928.3218703269958
M3,922.9422721862793
id_18,922.3906354904175
V77,898.6364827156067
V44,877.1355323791504
dist2,865.7723690271378
D13,804.6296292543411
id_17,800.6947672367096
D13_norm,790.7877299785614
V102,787.1177325248718
V262,780.5302212238312
V130,778.6110508441925
D12_norm,774.7902219295502
V75,764.9568748474121
V266,745.8754889965057
V19,718.8009328842163
V318,702.8460266590118
V143,701.0548439025879
D6,667.6500114202499
V49,665.9104866981506
V90,619.8225600719452
V326,616.5067000389099
V252,601.6700172424316
V329,600.2759704589844
V261,591.0243520736694
V29,586.9956042766571
V161,579.8492553830147
V169,578.2750384807587
V131,578.02130818367
id_14,574.7650010585785
V48,541.2204546928406
D12,529.1146905422211
C3,528.3585119247437
V30,524.7121019363403
V207,519.7704169750214
V65,502.09308910369873
V136,497.4745011329651
D14,468.7342200279236
V126,467.2472093105316
V47,464.5683538913727
V52,462.40398359298706
V200,450.5497052669525
V282,438.56661081314087
D9,431.0260214805603
V133,430.8295531272888
V127,416.3484115600586
V5,410.60630989074707
V306,398.3823093175888
V162,397.2883810997009
V257,397.04072546958923
V24,390.75525760650635
V129,375.2048809528351
V303,372.9562473297119
V66,372.5518989562988
V37,365.6882469654083
V139,363.25005158782005
V256,359.7488100528717
V154,357.1509017944336
id_34,356.2194209098816
V221,353.0897533893585
V128,352.70493030548096
V301,346.32640981674194
V287,346.0317244529724
M9,342.82685565948486
V271,338.00822925567627
V36,334.9766547307372
V277,330.57433819770813
id_04,326.3975293636322
V155,325.93831872940063
V33,323.30889892578125
V244,322.16542410850525
V35,320.96829891204834
M7,313.2787926197052
V291,308.4475576877594
C7,305.5272834300995
id_32,305.36716079711914
M2,305.3664002418518
V273,305.26308274269104
V289,303.26570439338684
V259,301.94649863243103
V316,297.05729055404663
V267,293.12575817108154
V7,286.4473614692688
V79,282.7517304420471
V323,269.01099586486816
V298,263.0294418334961
V270,261.9937459230423
V151,257.65755891799927
V205,245.61456489562988
V272,245.31338930130005
V209,244.30186986923218
V22,240.93699645996094
V288,235.88686019182205
V223,229.49171018600464
V96,228.32265043258667
V276,220.68541193008423
V293,217.4759805202484
V245,213.7240715622902
V248,204.97653913497925
V4,202.09694027900696
V150,200.6920075416565
V43,195.45223808288574
id_11,194.0663788318634
M8,193.18791007995605
V124,192.08789253234863
V251,191.00504195690155
V279,190.95314288139343
V81,190.05307006835938
V264,189.13625037670135
V137,187.34681034088135
V142,183.58381462097168
V6,181.10532927513123
id_15,180.68739819526672
V134,180.50672030448914
id_10,179.03387022018433
D7,171.30485153198242
V69,171.29124927520752
V265,170.11760997772217
V163,169.61064910888672
V159,169.3928301334381
V332,164.94401907920837
V212,162.78979989886284
V220,157.87578916549683
V321,157.75891089439392
V300,152.237530708313
V23,149.4672989845276
V206,147.22496104240417
V319,145.0014100074768
DeviceType,143.80771827697754
V135,142.9857692718506
V109,142.95475029945374
V64,142.67461025714874
V3,141.70253038406372
V34,141.36258029937744
V208,140.19444918632507
V233,139.04744839668274
V141,138.54941844940186
V85,137.0639193058014
D7_norm,131.55505967140198
V338,130.96841144561768
V132,128.9326810836792
V192,127.09629821777344
V2,126.4234414100647
V158,126.22633010149002
V92,125.57776069641113
V286,125.18537998199463
V219,121.3658995628357
V224,119.8526291847229
V184,119.68869018554688
V26,117.08119869232178
is_night,116.24542915821075
V74,115.01875972747803
V222,115.00803112983704
id_16,114.00282001495361
V290,113.05378913879395
V217,112.26157236099243
V11,111.7161500453949
V176,111.44872093200684
V197,111.2635977268219
V253,109.5605651140213
V94,109.514328956604
V278,106.83506155014038
V63,106.32139921188354
V164,106.21708989143372
V215,105.6742205619812
V263,105.43701148033142
V39,104.79812145233154
V105,103.63522815704346
V166,103.1509895324707
V42,101.97821068763733
V51,100.28409004211426
V274,99.5829803943634
V160,99.40525960922241
V41,98.80770111083984
V115,97.21942901611328
V234,96.41238069534302
V97,92.47380256652832
id_28,91.20339965820312
V40,90.516770362854
V73,87.84868049621582
V216,86.24429988861084
V175,86.1966164112091
V125,85.73823952674866
V210,85.30871915817261
V60,84.93438029289246
V171,84.19914984703064
V336,83.01154065132141
V232,82.17646026611328
V304,79.5699315071106
V100,78.27607822418213
V295,77.35913062095642
V228,77.3003797531128
V339,77.04435062408447
id_36,75.87234020233154
V108,75.74769020080566
V58,75.66762065887451
id_37,75.30618071556091
V229,74.71245121955872
is_medium_amount,73.65091943740845
V188,70.06502914428711
V9,69.76388049125671
V145,69.10142993927002
V203,68.29069203138351
id_38,68.03725099563599
V275,66.29960036277771
V186,65.75652074813843
addr2,63.927499771118164
V57,63.71608829498291
V218,62.02149939537048
V170,58.66572952270508
V243,57.82299041748047
V193,56.849408864974976
V254,56.71609091758728
V213,54.07748985290527
V292,53.45299005508423
V123,52.96288871765137
V214,51.573970079422
V140,50.87872004508972
V118,50.63171029090881
V46,49.88119125366211
V260,49.09629964828491
V178,48.740050315856934
V250,47.40908098220825
V93,46.58880043029785
V10,46.48830032348633
V335,46.170979738235474
V15,45.16211986541748
V191,43.52199077606201
V242,42.66904020309448
V327,42.53200149536133
V84,41.11183977127075
V230,41.09426927566528
V144,36.82445013523102
V25,36.805469274520874
id_12,36.1864013671875
V194,33.948360443115234
V297,33.92917060852051
V202,33.821120262145996
V180,33.79993963241577
V104,33.54780960083008
V334,32.46591019630432
V240,32.44137001037598
V177,32.364959716796875
V284,32.258870124816895
V59,31.55620002746582
V211,31.205600023269653
V204,28.963200330734253
V80,27.000059604644775
V50,25.416710376739502
V199,25.36955988407135
V31,23.739959955215454
V172,23.065799713134766
V101,22.90963053703308
V167,21.940709233283997
V247,21.289889812469482
V331,20.841650009155273
V174,20.621000289916992
V185,20.268839836120605
V237,19.54295039176941
V299,19.2290301322937
V157,19.115835815668106
V182,18.87971019744873
V119,18.325669527053833
V198,17.532880187034607
V32,16.844080209732056
V330,16.163840532302856
V328,14.632499694824219
V255,13.122590065002441
V146,12.89330005645752
V236,12.686300277709961
V322,12.55214612185955
V98,12.37962007522583
id_29,12.000499725341797
V238,11.650919914245605
V173,11.503499984741211
V8,11.382259845733643
V17,10.465660095214844
V227,10.022127754986286
V231,9.464289665222168
is_small_amount,8.891440391540527
V147,8.748990178108215
V72,8.056340217590332
V226,7.770420074462891
V183,7.122140169143677
V116,6.166010141372681
V195,6.118549823760986
V249,5.797289848327637
V181,5.501510143280029
V112,5.461069941520691
V114,5.088769912719727
M1,4.8734002113342285
V103,4.497089862823486
V325,4.475669860839844
V225,4.039030075073242
V18,3.7807199954986572
V71,3.414989948272705
V168,3.2829298973083496
V138,2.7263898849487305
V106,0.0
V305,0.0
V28,0.0
V27,0.0
V190,0.0
V21,0.0
V196,0.0
V16,0.0
V269,0.0
V235,0.0
V14,0.0
V302,0.0
V241,0.0
V246,0.0
V1,0.0
V337,0.0
V153,0.0
V110,0.0
V148,0.0
V122,0.0
V68,0.0
V121,0.0
V120,0.0
V117,0.0
id_35,0.0
V88,0.0
V89,0.0
V113,0.0
is_large_amount,0.0
V111,0.0
V95,0.0
V179,0.0
